[
    {
        "inputs": [
            {
                "internalType": "string",
                "name": "_eventName",
                "type": "string"
            },
            {
                "internalType": "string",
                "name": "_table",
                "type": "string"
            },
            {
                "internalType": "string",
                "name": "_imageURL",
                "type": "string"
            }
        ],
        "name": "addPass",
        "outputs": [],
        "stateMutability": "nonpayable",
        "type": "function"
    },
    {
        "inputs": [
            {
                "internalType": "uint256",
                "name": "_index",
                "type": "uint256"
            }
        ],
        "name": "buyPass",
        "outputs": [],
        "stateMutability": "nonpayable",
        "type": "function"
    },
    {
        "inputs": [
            {
                "internalType": "uint256",
                "name": "_index",
                "type": "uint256"
            }
        ],
        "name": "getPass",
        "outputs": [
            {
                "internalType": "address payable",
                "name": "",
                "type": "address"
            },
            {
                "internalType": "string",
                "name": "",
                "type": "string"
            },
            {
                "internalType": "string",
                "name": "",
                "type": "string"
            },
            {
                "internalType": "uint256",
                "name": "",
                "type": "uint256"
            },
            {
                "internalType": "string",
                "name": "",
                "type": "string"
            }
        ],
        "stateMutability": "view",
        "type": "function"
    },
    {
        "inputs": [],
        "name": "getPassLength",
        "outputs": [
            {
                "internalType": "uint256",
                "name": "",
                "type": "uint256"
            }
        ],
        "stateMutability": "view",
        "type": "function"
    },
    {
        "inputs": [
            {
                "internalType": "address",
                "name": "_address",
                "type": "address"
            }
        ],
        "name": "isUserAdmin",
        "outputs": [
            {
                "internalType": "bool",
                "name": "",
                "type": "bool"
            }
        ],
        "stateMutability": "view",
        "type": "function"
    }
]